name,lastname,id,nat 
братислав,вучич,077-456226,Отовичанин
боян,ходжич,088-022799,Отовичанин
драган,тадич,034-982341,Отовичанин
кене,ковальский,299-633511,Отовичанин
иосеф,ковальский,476-623040,Отовичанин
варул,ковальский,533-944646,Отовичанин
анджей,ковальский,182-028895,Отовичанин
цараат,ковальский,639-757897,Отовичанин
эшту,ковальский,803-468337,Отовичанин
дов,кавальски,159-530415,Отовичанин
шуаль,кавальски,310-103214,Отовичанин
фалик,ковальски ,488-127983,Отовичанин
ксения,манцевич,870-657758,Отовичанин
флэм,миллер,741-579687,Отовичанин
флэш,миллер,670-039009,Отовичанин
бурый,видович,843-071435,Отовичанин
шустрый,станкович,858-967001,Отовичанин
уно,гойкович,421-457595,Отовичанин
казах,гойкович,445-593603,Отовичанин
лёха,гойкович,706-377306,Отовичанин
мороз,видивоч,219-247339,Отовичанин
патрон,видович,333-425376,Отовичанин
лифт,йованович,512-252825,Отовичанин
александр,раморский,789-214938,Отовичанин
ромса,толстомясо,795-618324,Отовичанин
горан,ушкович,985-684160,Отовичанин
илия,кустурица,181-045027,Отовичанин
новица,однокурце,257-137894,Отовичанин
йово,шуркович,600-079279,Отовичанин
залом,горинь,119-207973,Отовичанин
андриян,бакочевич,372-291713,Отовичанин
гавроша,новак,832-038291,Отовичанин
огроман,сервеч,693-362569,Отовичанин
зигмунд,рачич,540-072381,Отовичанин
крипе,малкович,902-261524,Отовичанин
микашин,стоянович,506-665237,Отовичанин
горын,рачич,437-801181,Отовичанин
пауло,голда,216-067184,Отовичанин
витал,рачич,295-274059,Отовичанин
марко,рачич,148-523836,Отовичанин
срджан,рачич,717-334226,Отовичанин
грэгор,рачич,030-051237,Отовичанин
хролф,магнусон,192-744785,Отовичанин
халфдан,магнусон,631-859173,Отовичанин
хоккон,магнусон,142-071256,Отовичанин
хэлстейн,магнусон,310-436078,Отовичанин
хэлтор,магнусон,685-479386,Отовичанин
хэвард,магнусон,160-042068,Отовичанин
ловре,цвиянович,462-007998,Отовичанин
штеван,милатович,915-123580,Отовичанин
райко,андрич,423-279973,Отовичанин
срба,хараван,821-906091,Отовичанин
предраг,балашевич,606-351112,Отовичанин
стеван,шубашич,618-968596,Отовичанин
кристиян,тадич,511-601681,Отовичанин
вучко,ускокович,406-259566,Отовичанин
гордей,перич,652-864304,Отовичанин
крсто,маричич,818-663367,Отовичанин
йов,гарашанин,746-367397,Отовичанин
нео,младич,860-514457,Отовичанин
чингир,юркович,652-606822,Отовичанин
оксид,младич,116-367834,Отовичанин
спасое,тукович,859-711983,Отовичанин
константин,рашкович,430-744572,Отовичанин
жан,ражпоровик,417-745860,Отовичанин
ороч,неманичей,979-719347,Отовичанин
некрас,олегич,832-644200,Отовичанин
лешко,крушовице,637-433128,Отовичанин
матей,рашич,481-095760,Отовичанин
виск,пантелич,284-087680,Отовичанин
кристич,вольски,963-033237,Отовичанин
даниш,врубель,741-609093,Отовичанин
эйлин,торрес,861-770076,Отовичанин
димитр,вулич,308-009091,Отовичанин
элль,левандовская,872-978180,Отовичанин
евгений,лукин,986-891601,Отовичанин
сава,бикович,883-478006,Отовичанин
якоб,шарац,010-622125,Отовичанин
бендо,утопич,170-012457,Отовичанин
кошо,погорелич,270-051512,Отовичанин
фалько,повесич,370-042369,Отовичанин
ли,застрелич,470-061455,Отовичанин
фил,дубевац,810-856859,Отовичанин
кир,отравице,220-120801,Отовичанин
лирой,контич,282-265080,Отовичанин
ави,блажковиц,852-749499,Отовичанин
сара,блажковиц,324-269089,Отовичанин
гилтар,победише,984-818503,Отовичанин
хотабче,малашович,345-194593,Отовичанин
сава,шешич,366-462755 ,Отовичанин
вовуш,петрович,472-641218,Отовичанин
крваче,маркович,442-446766 ,Отовичанин
стефан,роза,702-973965,Отовичанин
генрик,сенкевич,903-181799,Барсогорец
номич,коовак,434-787019,Барсогорец
джони,синс,472-398490,Барсогорец
клиф,буркович,943-445428,Барсогорец
ньеко,видра,766-482633,Барсогорец
гриль,гидровски,670-408319,Барсогорец
милош,гидровски,551-458083,Барсогорец
варфаламей,гидровски,638-680435,Барсогорец
божена,рынска,718-177465,Барсогорец
юджин,кустурица,887-427629,Барсогорец
серж,багненкулус,449-716527,Барсогорец
номакс,гидровски,868-482303,Барсогорец
идель,гидровски,763-613715,Барсогорец
радован,ковачевич,868-482303,Барсогорец
драган,ковачевич,530-873574,Барсогорец
грей,ковачевич,812-136711,Барсогорец
ната,ковачевич,241-315470,Барсогорец
аса,ковачевич,397-844615,Барсогорец
братислав,николич,996-696392,Барсогорец
петар,сидорович,940-808521,Барсогорец
лазар,драгочевич,181-900309,Барсогорец
стеван,косовиц,997-475602,Барсогорец
алекс,лейба,390-417142,Барсогорец
фея,лейба,291-693665,Барсогорец
панда,лейба,629-211901,Барсогорец
рыжик,лейба,265-479519,Барсогорец
фазиль,лейба,550-205639,Барсогорец
алмаз,лейба,942-714345,Барсогорец
маяк,лейба,203-375362,Барсогорец
димитрий,выстрелович,641-489845,Барсогорец
димитрий,жуковски,812-160433,Барсогорец
милко,бродич,341-943040,Барсогорец
младо,ярошик,328-601948,Барсогорец
джелко,пухич,961-468177,Барсогорец
иво,божич,901-050362,Барсогорец
драгутин,димитриевич,517-924362,Барсогорец
жирко,мичич,328-473840,Барсогорец
драган,пасич,503-318418,Барсогорец
янко,пасич,520-384807,Барсогорец
никола,пасич,836-141221,Барсогорец
олешке,чпокчепухевич,470-072872,Барсогорец
эклизиаст,гогенович,435-328361,Барсогорец
вадиш,леттеш,983-003879,Барсогорец
димчо,штрычкович,260-997786,Барсогорец
михей,ундербаунт,875-990448,Барсогорец
сэнду,тобако,167-778299,Барсогорец
томар,захаревич,050-195030,Барсогорец
хонда,тадич,223-744028,Барсогорец
мина,харкер,503-610611,Барсогорец
екатерина,змейлович,173-753803,Барсогорец
сири,китон,150-540722,Барсогорец
деян,недич,892-428367,Барсогорец
крипе,колченог,749-881564,Барсогорец
авраам,маркович,993-353952,Барсогорец
никола,новджич,245-031948,Барсогорец
нина,граб,912-526698,Барсогорец
тамара,габитова,346-439074,Барсогорец
дорин,мийович,775-690865,Барсогорец
братислава,мийович,988-504621,Барсогорец
фантом,видович,792-910446,Барсогорец
ежег,селович,577-281951,Барсогорец
дарко,валаши,764-109365,Барсогорец
слабодан,джебпшагош,597-449919,Барсогорец
мирослав,джебпшагош,309-710161,Барсогорец
михей,сохнатский,797-191602,Барсогорец
хоган,зантоса,868-001103,Барсогорец
деян,седьмой,206-809072,Барсогорец
йоаким,броден,129-957350,Барсогорец
герион,алексиус,450-624854,Барсогорец
фауст,иерусалимус,196-307953,Барсогорец
евлампия,софа,938-650076,Барсогорец
джули,половинка,953-819854,Барсогорец
целестина,нолан,337-191712,Барсогорец
катарина,юлиан,562-055653,Барсогорец
серафим,дратутич,399-128571,Барсогорец
марко,йович,970-103521,Барсогорец
вук,мордич,729-979154,Барсогорец
александр,митрич,123-177607,Барсогорец
данила,пшешко,968-635019,Барсогорец
виталий,кличко,670-745260,Барсогорец
денис,обрадович,523-087407,Барсогорец
владислав,гиндеман,148-207301,Барсогорец
дмитрий,расчлененкин,450-668704,Барсогорец
виктор,шлепа,569-777418,Барсогорец
славка,жижкович,345-159401,Барсогорец
рустам,милошевич,972-673843,Барсогорец
дмитрий,милошевич,835-327413,Барсогорец
илья,газвович,364-012084,Барсогорец
мария,гаврик,169-671446,Барсогорец
йован,кандич,695-766615,Барсогорец
антонис,зверош,940-881653,Барсогорец
виталий,дегай,970-213845,Барсогорец
аксо,тишо,876-972759,Барсогорец
кирс,божич,759-114185,Барсогорец
герман,ларионуш,599-276111,Барсогорец
владимир,попов,757-067985,Барсогорец
марк,крвавич,642-741978,Барсогорец
лука,роза,696-082959,Барсогорец